fold,micro_f1,macro_f1
1,0.48267596426236653,0.4824502104739585
2,0.501491877555531,0.5026742993842493
3,0.5,0.500682267922182
4,0.5072805139186296,0.507390224462082
5,0.49616648411829134,0.4970306814933835
mean,0.4975229679709637,0.498045536747171
